agent,total_reward,mean_reward,std_reward,clip_rate,action_entropy
0,62608.69695101692,186.89163268960274,311.1223766994389,0.0001293532338308458,2.874195054347953
1,93065.37849008091,277.80709997039077,544.4921744742768,0.00012935323383084577,2.854029211587228
